{"Kurmaguda": [17.36033058166504, 78.50113677978516], "Rajendranagar Mandal": [17.3118896484375, 78.39327239990234], "Kismatpur": [17.340179443359375, 78.37914276123047], "Sivarampalli": [17.339017868041992, 78.44178009033203], "Attapur": [17.369169235229492, 78.43682861328125], "Kothapet Village Secunderabad": [17.444520950317383, 78.50755310058594], "Manikonda": [17.401439666748047, 78.39166259765625], "Banjara Hills": [17.415050506591797, 78.43431854248047], "Jubilee Hills": [17.426029205322266, 78.42140197753906], "Khairatabad": [17.411090850830078, 78.4608383178711], "Ameerpet": [17.435340881347656, 78.4486083984375], "Malkajgiri": [17.44713020324707, 78.53592681884766], "L B Nagar": [17.347259521484375, 78.54332733154297], "Gangaram Hyderabad Chanda Nagar": [17.495100021362305, 78.32585144042969], "Pocharam": [17.54560089111328, 78.25453186035156], "Nagole": [17.36985969543457, 78.56300354003906], "Uppal": [17.391319274902344, 78.54518127441406], "Hitec City": [17.451051712036133, 78.38148498535156], "Balanagar": [17.468549728393555, 78.45619201660156], "Kukatpally": [17.487350463867188, 78.42086791992188], "Trimulgherry": [17.47579002380371, 78.49778747558594], "Moula Ali": [17.454160690307617, 78.55236053466797], "Alwal": [17.535430908203125, 78.54427337646484], "Old Alwal": [17.506139755249023, 78.50103759765625], "Bolarum": [17.524599075317383, 78.51139831542969], "Yapral ": [17.51399040222168, 78.52984619140625], "Sainikpuri": [17.47258949279785, 78.54564666748047], "Kapra": [17.49127960205078, 78.57103729248047], "Dammaiguda": [17.5, 78.58300018310547], "Daira Hyderabad": [17.365999221801758, 78.47599792480469], "Gachibowli": [17.43720054626465, 78.34439849853516], "Bakaram": [17.41744041442871, 78.49571228027344], "Kondapur": [17.463775634765625, 78.35907745361328], "Chanda Nagar": [17.495100021362305, 78.32585144042969], "Miyapur": [17.502859115600586, 78.35179901123047], "Bachupally": [17.550790786743164, 78.37013244628906], "Quthbullapur": [17.505359649658203, 78.46749114990234], "Kompally Hyderabad": [17.533180236816406, 78.48101806640625], "Medchal": [17.638160705566406, 78.48285675048828], "Birla Institute of Technology Hyderabad": [17.540939331054688, 78.57392120361328], "RGIA": [17.236650466918945, 78.42936706542969]}